development-plan-type,development-plan-type-slug,development-plan-document,development-plan-document-slug
local-plan,/development-plan-type/local-plan,dev-plan-LP-2015,/development-plan-document/local-authority-eng/LBH/dev-plan-LP-2015
local-plan,/development-plan-type/local-plan,dev-plan-DRLLP,/development-plan-document/local-authority-eng/LBH/dev-plan-DRLLP
neighbourhood-plan,/development-plan-type/neighbourhood-plan,neigh-plan-sown,/development-plan-document/local-authority-eng/LBH/neigh-plan-sown
local-plan,/development-plan-type/local-plan,dev-plan-buc-avdlp,/development-plan-document/local-authority-eng/AYL/dev-plan-buc-avdlp
local-plan,/development-plan-type/local-plan,dev-plan-buc-avdlp,/development-plan-document/local-authority-eng/BUC/dev-plan-buc-avdlp
local-plan,/development-plan-type/local-plan,dev-plan-buc-blp,/development-plan-document/local-authority-eng/BUC/dev-plan-buc-blp
minerals-waste,/development-plan-type/minerals-waste,dev-plan-buc-bmwlp,/development-plan-document/local-authority-eng/BKM/dev-plan-buc-bmwlp
minerals-waste,/development-plan-type/minerals-waste,dev-plan-buc-bmwlp,/development-plan-document/local-authority-eng/BUC/dev-plan-buc-bmwlp
local-plan,/development-plan-type/local-plan,dev-plan-buc-ccs,/development-plan-document/local-authority-eng/CHN/dev-plan-buc-ccs
local-plan,/development-plan-type/local-plan,dev-plan-buc-ccs,/development-plan-document/local-authority-eng/BUC/dev-plan-buc-ccs
local-plan,/development-plan-type/local-plan,dev-plan-buc-clp,/development-plan-document/local-authority-eng/CHN/dev-plan-buc-clp
local-plan,/development-plan-type/local-plan,dev-plan-buc-clp,/development-plan-document/local-authority-eng/BUC/dev-plan-buc-clp
site-allocations,/development-plan-type/site-allocations,dev-plan-buc-dsa,/development-plan-document/local-authority-eng/WYO/dev-plan-buc-dsa
site-allocations,/development-plan-type/site-allocations,dev-plan-buc-dsa,/development-plan-document/local-authority-eng/BUC/dev-plan-buc-dsa
local-plan,/development-plan-type/local-plan,dev-plan-buc-sbcs,/development-plan-document/local-authority-eng/SBU/dev-plan-buc-sbcs
local-plan,/development-plan-type/local-plan,dev-plan-buc-sbcs,/development-plan-document/local-authority-eng/BUC/dev-plan-buc-sbcs
local-plan,/development-plan-type/local-plan,dev-plan-buc-sblp,/development-plan-document/local-authority-eng/SBU/dev-plan-buc-sblp
local-plan,/development-plan-type/local-plan,dev-plan-buc-sblp,/development-plan-document/local-authority-eng/BUC/dev-plan-buc-sblp
local-plan,/development-plan-type/local-plan,dev-plan-buc-valp,/development-plan-document/local-authority-eng/AYL/dev-plan-buc-valp
local-plan,/development-plan-type/local-plan,dev-plan-buc-valp,/development-plan-document/local-authority-eng/BUC/dev-plan-buc-valp
local-plan,/development-plan-type/local-plan,dev-plan-buc-wdlp,/development-plan-document/local-authority-eng/WYO/dev-plan-buc-wdlp
local-plan,/development-plan-type/local-plan,dev-plan-buc-wdlp,/development-plan-document/local-authority-eng/BUC/dev-plan-buc-wdlp
neighbourhood-plan,/development-plan-type/neighbourhood-plan,neigh-plan-buc-astonabbotsndp,/development-plan-document/local-authority-eng/AYL/neigh-plan-buc-astonabbotsndp
neighbourhood-plan,/development-plan-type/neighbourhood-plan,neigh-plan-buc-astonabbotsndp,/development-plan-document/local-authority-eng/BUC/neigh-plan-buc-astonabbotsndp
neighbourhood-plan,/development-plan-type/neighbourhood-plan,neigh-plan-buc-astonclintonndp,/development-plan-document/local-authority-eng/AYL/neigh-plan-buc-astonclintonndp
neighbourhood-plan,/development-plan-type/neighbourhood-plan,neigh-plan-buc-astonclintonndp,/development-plan-document/local-authority-eng/BUC/neigh-plan-buc-astonclintonndp
neighbourhood-plan,/development-plan-type/neighbourhood-plan,neigh-plan-buc-beaconsfieldndp,/development-plan-document/local-authority-eng/SBU/neigh-plan-buc-beaconsfieldndp
neighbourhood-plan,/development-plan-type/neighbourhood-plan,neigh-plan-buc-biertonbroughtonndp,/development-plan-document/local-authority-eng/AYL/neigh-plan-buc-biertonbroughtonndp
neighbourhood-plan,/development-plan-type/neighbourhood-plan,neigh-plan-buc-biertonbroughtonndp,/development-plan-document/local-authority-eng/BUC/neigh-plan-buc-biertonbroughtonndp
neighbourhood-plan,/development-plan-type/neighbourhood-plan,neigh-plan-buc-bledlowcumsaundertonndp,/development-plan-document/local-authority-eng/WYO/neigh-plan-buc-bledlowcumsaundertonndp
neighbourhood-plan,/development-plan-type/neighbourhood-plan,neigh-plan-buc-bledlowcumsaundertonndp,/development-plan-document/local-authority-eng/BUC/neigh-plan-buc-bledlowcumsaundertonndp
neighbourhood-plan,/development-plan-type/neighbourhood-plan,neigh-plan-buc-buckinghamndp,/development-plan-document/local-authority-eng/AYL/neigh-plan-buc-buckinghamndp
neighbourhood-plan,/development-plan-type/neighbourhood-plan,neigh-plan-buc-buckinghamndp,/development-plan-document/local-authority-eng/BUC/neigh-plan-buc-buckinghamndp
neighbourhood-plan,/development-plan-type/neighbourhood-plan,neigh-plan-buc-bucklandndp,/development-plan-document/local-authority-eng/AYL/neigh-plan-buc-bucklandndp
neighbourhood-plan,/development-plan-type/neighbourhood-plan,neigh-plan-buc-bucklandndp,/development-plan-document/local-authority-eng/BUC/neigh-plan-buc-bucklandndp
neighbourhood-plan,/development-plan-type/neighbourhood-plan,neigh-plan-buc-burnhamndp,/development-plan-document/local-authority-eng/SBU/neigh-plan-buc-burnhamndp
neighbourhood-plan,/development-plan-type/neighbourhood-plan,neigh-plan-buc-burnhamndp,/development-plan-document/local-authority-eng/BUC/neigh-plan-buc-burnhamndp
neighbourhood-plan,/development-plan-type/neighbourhood-plan,neigh-plan-buc-calvertgreenndp,/development-plan-document/local-authority-eng/AYL/neigh-plan-buc-calvertgreenndp
neighbourhood-plan,/development-plan-type/neighbourhood-plan,neigh-plan-buc-calvertgreenndp,/development-plan-document/local-authority-eng/BUC/neigh-plan-buc-calvertgreenndp
neighbourhood-plan,/development-plan-type/neighbourhood-plan,neigh-plan-buc-chalfontstgilesndp,/development-plan-document/local-authority-eng/CHN/neigh-plan-buc-chalfontstgilesndp
neighbourhood-plan,/development-plan-type/neighbourhood-plan,neigh-plan-buc-chalfontstgilesndp,/development-plan-document/local-authority-eng/BUC/neigh-plan-buc-chalfontstgilesndp
neighbourhood-plan,/development-plan-type/neighbourhood-plan,neigh-plan-buc-chalfontstpeterndp,/development-plan-document/local-authority-eng/CHN/neigh-plan-buc-chalfontstpeterndp
neighbourhood-plan,/development-plan-type/neighbourhood-plan,neigh-plan-buc-chalfontstpeterndp,/development-plan-document/local-authority-eng/BUC/neigh-plan-buc-chalfontstpeterndp
neighbourhood-plan,/development-plan-type/neighbourhood-plan,neigh-plan-buc-cheddingtonndp,/development-plan-document/local-authority-eng/AYL/neigh-plan-buc-cheddingtonndp
neighbourhood-plan,/development-plan-type/neighbourhood-plan,neigh-plan-buc-cheddingtonndp,/development-plan-document/local-authority-eng/BUC/neigh-plan-buc-cheddingtonndp
neighbourhood-plan,/development-plan-type/neighbourhood-plan,neigh-plan-buc-cheshamndp,/development-plan-document/local-authority-eng/CHN/neigh-plan-buc-cheshamndp
neighbourhood-plan,/development-plan-type/neighbourhood-plan,neigh-plan-buc-cheshamndp,/development-plan-document/local-authority-eng/BUC/neigh-plan-buc-cheshamndp
neighbourhood-plan,/development-plan-type/neighbourhood-plan,neigh-plan-buc-chiltonndp,/development-plan-document/local-authority-eng/CHN/neigh-plan-buc-chiltonndp
neighbourhood-plan,/development-plan-type/neighbourhood-plan,neigh-plan-buc-chiltonndp,/development-plan-document/local-authority-eng/BUC/neigh-plan-buc-chiltonndp
neighbourhood-plan,/development-plan-type/neighbourhood-plan,neigh-plan-buc-cuddingtonndp,/development-plan-document/local-authority-eng/AYL/neigh-plan-buc-cuddingtonndp
neighbourhood-plan,/development-plan-type/neighbourhood-plan,neigh-plan-buc-cuddingtonndp,/development-plan-document/local-authority-eng/BUC/neigh-plan-buc-cuddingtonndp
neighbourhood-plan,/development-plan-type/neighbourhood-plan,neigh-plan-buc-dawshillndp,/development-plan-document/local-authority-eng/WYO/neigh-plan-buc-dawshillndp
neighbourhood-plan,/development-plan-type/neighbourhood-plan,neigh-plan-buc-dawshillndp,/development-plan-document/local-authority-eng/BUC/neigh-plan-buc-dawshillndp
neighbourhood-plan,/development-plan-type/neighbourhood-plan,neigh-plan-buc-denhamndp,/development-plan-document/local-authority-eng/SBU/neigh-plan-buc-denhamndp
neighbourhood-plan,/development-plan-type/neighbourhood-plan,neigh-plan-buc-denhamndp,/development-plan-document/local-authority-eng/BUC/neigh-plan-buc-denhamndp
neighbourhood-plan,/development-plan-type/neighbourhood-plan,neigh-plan-buc-dintonforduptonndp,/development-plan-document/local-authority-eng/AYL/neigh-plan-buc-dintonforduptonndp
neighbourhood-plan,/development-plan-type/neighbourhood-plan,neigh-plan-buc-dintonforduptonndp,/development-plan-document/local-authority-eng/BUC/neigh-plan-buc-dintonforduptonndp
neighbourhood-plan,/development-plan-type/neighbourhood-plan,neigh-plan-buc-draytonparslowndp,/development-plan-document/local-authority-eng/AYL/neigh-plan-buc-draytonparslowndp
neighbourhood-plan,/development-plan-type/neighbourhood-plan,neigh-plan-buc-draytonparslowndp,/development-plan-document/local-authority-eng/BUC/neigh-plan-buc-draytonparslowndp
neighbourhood-plan,/development-plan-type/neighbourhood-plan,neigh-plan-buc-edlesboroughndp,/development-plan-document/local-authority-eng/AYL/neigh-plan-buc-edlesboroughndp
neighbourhood-plan,/development-plan-type/neighbourhood-plan,neigh-plan-buc-edlesboroughndp,/development-plan-document/local-authority-eng/BUC/neigh-plan-buc-edlesboroughndp
neighbourhood-plan,/development-plan-type/neighbourhood-plan,neigh-plan-buc-farnhamroyalndp,/development-plan-document/local-authority-eng/SBU/neigh-plan-buc-farnhamroyalndp
neighbourhood-plan,/development-plan-type/neighbourhood-plan,neigh-plan-buc-farnhamroyalndp,/development-plan-document/local-authority-eng/BUC/neigh-plan-buc-farnhamroyalndp
neighbourhood-plan,/development-plan-type/neighbourhood-plan,neigh-plan-buc-fulmerndp,/development-plan-document/local-authority-eng/SBU/neigh-plan-buc-fulmerndp
neighbourhood-plan,/development-plan-type/neighbourhood-plan,neigh-plan-buc-fulmerndp,/development-plan-document/local-authority-eng/BUC/neigh-plan-buc-fulmerndp
neighbourhood-plan,/development-plan-type/neighbourhood-plan,neigh-plan-buc-gerrardscrossndp,/development-plan-document/local-authority-eng/SBU/neigh-plan-buc-gerrardscrossndp
neighbourhood-plan,/development-plan-type/neighbourhood-plan,neigh-plan-buc-gerrardscrossndp,/development-plan-document/local-authority-eng/BUC/neigh-plan-buc-gerrardscrossndp
neighbourhood-plan,/development-plan-type/neighbourhood-plan,neigh-plan-buc-granboroughndp,/development-plan-document/local-authority-eng/AYL/neigh-plan-buc-granboroughndp
neighbourhood-plan,/development-plan-type/neighbourhood-plan,neigh-plan-buc-granboroughndp,/development-plan-document/local-authority-eng/BUC/neigh-plan-buc-granboroughndp
neighbourhood-plan,/development-plan-type/neighbourhood-plan,neigh-plan-buc-greathorwoodndp,/development-plan-document/local-authority-eng/AYL/neigh-plan-buc-greathorwoodndp
neighbourhood-plan,/development-plan-type/neighbourhood-plan,neigh-plan-buc-greathorwoodndp,/development-plan-document/local-authority-eng/BUC/neigh-plan-buc-greathorwoodndp
neighbourhood-plan,/development-plan-type/neighbourhood-plan,neigh-plan-buc-greatlittlekimblecumilmerndp,/development-plan-document/local-authority-eng/WYO/neigh-plan-buc-greatlittlekimblecumilmerndp
neighbourhood-plan,/development-plan-type/neighbourhood-plan,neigh-plan-buc-greatlittlekimblecumilmerndp,/development-plan-document/local-authority-eng/BUC/neigh-plan-buc-greatlittlekimblecumilmerndp
neighbourhood-plan,/development-plan-type/neighbourhood-plan,neigh-plan-buc-haddenhamndp,/development-plan-document/local-authority-eng/AYL/neigh-plan-buc-haddenhamndp
neighbourhood-plan,/development-plan-type/neighbourhood-plan,neigh-plan-buc-haddenhamndp,/development-plan-document/local-authority-eng/BUC/neigh-plan-buc-haddenhamndp
neighbourhood-plan,/development-plan-type/neighbourhood-plan,neigh-plan-buc-haltonndp,/development-plan-document/local-authority-eng/AYL/neigh-plan-buc-haltonndp
neighbourhood-plan,/development-plan-type/neighbourhood-plan,neigh-plan-buc-haltonndp,/development-plan-document/local-authority-eng/BUC/neigh-plan-buc-haltonndp
neighbourhood-plan,/development-plan-type/neighbourhood-plan,neigh-plan-buc-hedgerleyndp,/development-plan-document/local-authority-eng/SBU/neigh-plan-buc-hedgerleyndp
neighbourhood-plan,/development-plan-type/neighbourhood-plan,neigh-plan-buc-hedgerleyndp,/development-plan-document/local-authority-eng/BUC/neigh-plan-buc-hedgerleyndp
neighbourhood-plan,/development-plan-type/neighbourhood-plan,neigh-plan-buc-ickfordndp,/development-plan-document/local-authority-eng/AYL/neigh-plan-buc-ickfordndp
neighbourhood-plan,/development-plan-type/neighbourhood-plan,neigh-plan-buc-ickfordndp,/development-plan-document/local-authority-eng/BUC/neigh-plan-buc-ickfordndp
neighbourhood-plan,/development-plan-type/neighbourhood-plan,neigh-plan-buc-iverndp,/development-plan-document/local-authority-eng/SBU/neigh-plan-buc-iverndp
neighbourhood-plan,/development-plan-type/neighbourhood-plan,neigh-plan-buc-iverndp,/development-plan-document/local-authority-eng/BUC/neigh-plan-buc-iverndp
neighbourhood-plan,/development-plan-type/neighbourhood-plan,neigh-plan-buc-ivinghoendp,/development-plan-document/local-authority-eng/AYL/neigh-plan-buc-ivinghoendp
neighbourhood-plan,/development-plan-type/neighbourhood-plan,neigh-plan-buc-ivinghoendp,/development-plan-document/local-authority-eng/BUC/neigh-plan-buc-ivinghoendp
neighbourhood-plan,/development-plan-type/neighbourhood-plan,neigh-plan-buc-longcrendonndp,/development-plan-document/local-authority-eng/AYL/neigh-plan-buc-longcrendonndp
neighbourhood-plan,/development-plan-type/neighbourhood-plan,neigh-plan-buc-longcrendonndp,/development-plan-document/local-authority-eng/BUC/neigh-plan-buc-longcrendonndp
neighbourhood-plan,/development-plan-type/neighbourhood-plan,neigh-plan-buc-longwickcumilmerndp,/development-plan-document/local-authority-eng/WYO/neigh-plan-buc-longwickcumilmerndp
neighbourhood-plan,/development-plan-type/neighbourhood-plan,neigh-plan-buc-longwickcumilmerndp,/development-plan-document/local-authority-eng/BUC/neigh-plan-buc-longwickcumilmerndp
neighbourhood-plan,/development-plan-type/neighbourhood-plan,neigh-plan-buc-maidsmoretonndp,/development-plan-document/local-authority-eng/AYL/neigh-plan-buc-maidsmoretonndp
neighbourhood-plan,/development-plan-type/neighbourhood-plan,neigh-plan-buc-maidsmoretonndp,/development-plan-document/local-authority-eng/BUC/neigh-plan-buc-maidsmoretonndp
neighbourhood-plan,/development-plan-type/neighbourhood-plan,neigh-plan-buc-marshgibbonndp,/development-plan-document/local-authority-eng/AYL/neigh-plan-buc-marshgibbonndp
neighbourhood-plan,/development-plan-type/neighbourhood-plan,neigh-plan-buc-marshgibbonndp,/development-plan-document/local-authority-eng/BUC/neigh-plan-buc-marshgibbonndp
neighbourhood-plan,/development-plan-type/neighbourhood-plan,neigh-plan-buc-mursleyndp,/development-plan-document/local-authority-eng/AYL/neigh-plan-buc-mursleyndp
neighbourhood-plan,/development-plan-type/neighbourhood-plan,neigh-plan-buc-mursleyndp,/development-plan-document/local-authority-eng/BUC/neigh-plan-buc-mursleyndp
neighbourhood-plan,/development-plan-type/neighbourhood-plan,neigh-plan-buc-newtonlongvilledndp,/development-plan-document/local-authority-eng/AYL/neigh-plan-buc-newtonlongvilledndp
neighbourhood-plan,/development-plan-type/neighbourhood-plan,neigh-plan-buc-newtonlongvilledndp,/development-plan-document/local-authority-eng/BUC/neigh-plan-buc-newtonlongvilledndp
neighbourhood-plan,/development-plan-type/neighbourhood-plan,neigh-plan-buc-northmarstonndp,/development-plan-document/local-authority-eng/AYL/neigh-plan-buc-northmarstonndp
neighbourhood-plan,/development-plan-type/neighbourhood-plan,neigh-plan-buc-northmarstonndp,/development-plan-document/local-authority-eng/BUC/neigh-plan-buc-northmarstonndp
neighbourhood-plan,/development-plan-type/neighbourhood-plan,neigh-plan-buc-padburyndp,/development-plan-document/local-authority-eng/AYL/neigh-plan-buc-padburyndp
neighbourhood-plan,/development-plan-type/neighbourhood-plan,neigh-plan-buc-padburyndp,/development-plan-document/local-authority-eng/BUC/neigh-plan-buc-padburyndp
neighbourhood-plan,/development-plan-type/neighbourhood-plan,neigh-plan-buc-pitstonendp,/development-plan-document/local-authority-eng/AYL/neigh-plan-buc-pitstonendp
neighbourhood-plan,/development-plan-type/neighbourhood-plan,neigh-plan-buc-pitstonendp,/development-plan-document/local-authority-eng/BUC/neigh-plan-buc-pitstonendp
neighbourhood-plan,/development-plan-type/neighbourhood-plan,neigh-plan-buc-quaintonndp,/development-plan-document/local-authority-eng/AYL/neigh-plan-buc-quaintonndp
neighbourhood-plan,/development-plan-type/neighbourhood-plan,neigh-plan-buc-quaintonndp,/development-plan-document/local-authority-eng/BUC/neigh-plan-buc-quaintonndp
neighbourhood-plan,/development-plan-type/neighbourhood-plan,neigh-plan-buc-seergreenndp,/development-plan-document/local-authority-eng/CHN/neigh-plan-buc-seergreenndp
neighbourhood-plan,/development-plan-type/neighbourhood-plan,neigh-plan-buc-seergreenndp,/development-plan-document/local-authority-eng/BUC/neigh-plan-buc-seergreenndp
neighbourhood-plan,/development-plan-type/neighbourhood-plan,neigh-plan-buc-slaptonndp,/development-plan-document/local-authority-eng/AYL/neigh-plan-buc-slaptonndp
neighbourhood-plan,/development-plan-type/neighbourhood-plan,neigh-plan-buc-slaptonndp,/development-plan-document/local-authority-eng/BUC/neigh-plan-buc-slaptonndp
neighbourhood-plan,/development-plan-type/neighbourhood-plan,neigh-plan-buc-steepleclaydonndp,/development-plan-document/local-authority-eng/AYL/neigh-plan-buc-steepleclaydonndp
neighbourhood-plan,/development-plan-type/neighbourhood-plan,neigh-plan-buc-steepleclaydonndp,/development-plan-document/local-authority-eng/BUC/neigh-plan-buc-steepleclaydonndp
neighbourhood-plan,/development-plan-type/neighbourhood-plan,neigh-plan-buc-stewkleyndp,/development-plan-document/local-authority-eng/AYL/neigh-plan-buc-stewkleyndp
neighbourhood-plan,/development-plan-type/neighbourhood-plan,neigh-plan-buc-stewkleyndp,/development-plan-document/local-authority-eng/BUC/neigh-plan-buc-stewkleyndp
neighbourhood-plan,/development-plan-type/neighbourhood-plan,neigh-plan-buc-stokemandevillendp,/development-plan-document/local-authority-eng/AYL/neigh-plan-buc-stokemandevillendp
neighbourhood-plan,/development-plan-type/neighbourhood-plan,neigh-plan-buc-stokemandevillendp,/development-plan-document/local-authority-eng/BUC/neigh-plan-buc-stokemandevillendp
neighbourhood-plan,/development-plan-type/neighbourhood-plan,neigh-plan-buc-taplowndp,/development-plan-document/local-authority-eng/SBU/neigh-plan-buc-taplowndp
neighbourhood-plan,/development-plan-type/neighbourhood-plan,neigh-plan-buc-taplowndp,/development-plan-document/local-authority-eng/BUC/neigh-plan-buc-taplowndp
neighbourhood-plan,/development-plan-type/neighbourhood-plan,neigh-plan-buc-waddesdonndp,/development-plan-document/local-authority-eng/AYL/neigh-plan-buc-waddesdonndp
neighbourhood-plan,/development-plan-type/neighbourhood-plan,neigh-plan-buc-waddesdonndp,/development-plan-document/local-authority-eng/BUC/neigh-plan-buc-waddesdonndp
neighbourhood-plan,/development-plan-type/neighbourhood-plan,neigh-plan-buc-wendoverndp,/development-plan-document/local-authority-eng/AYL/neigh-plan-buc-wendoverndp
neighbourhood-plan,/development-plan-type/neighbourhood-plan,neigh-plan-buc-wendoverndp,/development-plan-document/local-authority-eng/BUC/neigh-plan-buc-wendoverndp
neighbourhood-plan,/development-plan-type/neighbourhood-plan,neigh-plan-buc-westburyndp,/development-plan-document/local-authority-eng/AYL/neigh-plan-buc-westburyndp
neighbourhood-plan,/development-plan-type/neighbourhood-plan,neigh-plan-buc-westburyndp,/development-plan-document/local-authority-eng/BUC/neigh-plan-buc-westburyndp
neighbourhood-plan,/development-plan-type/neighbourhood-plan,neigh-plan-buc-westonturvillendp,/development-plan-document/local-authority-eng/AYL/neigh-plan-buc-westonturvillendp
neighbourhood-plan,/development-plan-type/neighbourhood-plan,neigh-plan-buc-westonturvillendp,/development-plan-document/local-authority-eng/BUC/neigh-plan-buc-westonturvillendp
neighbourhood-plan,/development-plan-type/neighbourhood-plan,neigh-plan-buc-wingndp,/development-plan-document/local-authority-eng/AYL/neigh-plan-buc-wingndp
neighbourhood-plan,/development-plan-type/neighbourhood-plan,neigh-plan-buc-wingndp,/development-plan-document/local-authority-eng/BUC/neigh-plan-buc-wingndp
neighbourhood-plan,/development-plan-type/neighbourhood-plan,neigh-plan-buc-wingraverowshamndp,/development-plan-document/local-authority-eng/AYL/neigh-plan-buc-wingraverowshamndp
neighbourhood-plan,/development-plan-type/neighbourhood-plan,neigh-plan-buc-wingraverowshamndp,/development-plan-document/local-authority-eng/BUC/neigh-plan-buc-wingraverowshamndp
neighbourhood-plan,/development-plan-type/neighbourhood-plan,neigh-plan-buc-winslowndp,/development-plan-document/local-authority-eng/AYL/neigh-plan-buc-winslowndp
neighbourhood-plan,/development-plan-type/neighbourhood-plan,neigh-plan-buc-winslowndp,/development-plan-document/local-authority-eng/BUC/neigh-plan-buc-winslowndp
neighbourhood-plan,/development-plan-type/neighbourhood-plan,neigh-plan-buc-wooburnbourneendndp,/development-plan-document/local-authority-eng/WYO/neigh-plan-buc-wooburnbourneendndp
neighbourhood-plan,/development-plan-type/neighbourhood-plan,neigh-plan-buc-wooburnbourneendndp,/development-plan-document/local-authority-eng/BUC/neigh-plan-buc-wooburnbourneendndp
neighbourhood-plan,/development-plan-type/neighbourhood-plan,neigh-plan-buc-worminghallndp,/development-plan-document/local-authority-eng/AYL/neigh-plan-buc-worminghallndp
neighbourhood-plan,/development-plan-type/neighbourhood-plan,neigh-plan-buc-worminghallndp,/development-plan-document/local-authority-eng/BUC/neigh-plan-buc-worminghallndp
local-plan,/development-plan-type/local-plan,dev-plan-scs-2011,/development-plan-document/local-authority-eng/SWK/dev-plan-scs-2011
local-plan,/development-plan-type/local-plan,dev-plan-ssp-2007,/development-plan-document/local-authority-eng/SWK/dev-plan-ssp-2007
local-plan,/development-plan-type/local-plan,dev-plan-nsp-2020,/development-plan-document/local-authority-eng/SWK/dev-plan-nsp-2020
area-action-plan,/development-plan-type/area-action-plan,dev-plan-aaap-2010,/development-plan-document/local-authority-eng/SWK/dev-plan-aaap-2010
area-action-plan,/development-plan-type/area-action-plan,dev-plan-okraap-2020,/development-plan-document/local-authority-eng/SWK/dev-plan-okraap-2020
area-action-plan,/development-plan-type/area-action-plan,dev-plan-pecnunaap-2015,/development-plan-document/local-authority-eng/SWK/dev-plan-pecnunaap-2015
area-action-plan,/development-plan-type/area-action-plan,dev-plan-cwaap-2015,/development-plan-document/local-authority-eng/SWK/dev-plan-cwaap-2015
neighbourhood-plan,/development-plan-type/neighbourhood-plan,dev-plan-southwaternp-2020,/development-plan-document/local-authority-eng/SWK/dev-plan-southwaternp-2020
